{
	"socket": "",
	"name": "",
	"description": "You see nothing special about them",
	"age": 18,
	"information": {
		"level": 0,
		"race": "",
		"class": "",
		"alignment": "",
		"alignmentScore": 0,
		"experience": 0,
		"experienceToNextLevel": 0,
		"maxHitpoints": 0,
		"hitpoints": 0,
		"maxMana": 0,
		"mana": 0,
		"stats": {
			"strength": 0,
			"dexterity": 0,
			"constitution": 0,
			"intelligence": 0,
			"wisdom": 0,
			"charisma": 0
		}
	},
	"location": {
		"region": "",
		"area": "",
		"areaID": 0,
		"coordsY": 0,
		"coordsX": 0
	},
	"password": "",
	"inventory": [],
	"equipment": {
		"floating": "Nothing",
		"light": "Nothing",
		"head": "Nothing",
		"leftEar": "Nothing",
		"rightEar": "Nothing",
		"neck": "Nothing",
		"cloak": "Nothing",
		"aboutBody": "Nothing",
		"body": "Nothing",
		"waist": "Nothing",
		"leftSheath": "Nothing",
		"rightSheath": "Nothing",
		"back": "Nothing",
		"leftWrist": "Nothing",
		"rightWrist": "Nothing",
		"leftHand": "Nothing",
		"rightHand": "Nothing",
		"leftRing": "Nothing",
		"rightRing": "Nothing",
		"legs": "Nothing",
		"feet": "Nothing"
	},
	"explored": 0,
	"questPoints": 0,
	"gold": 0,
	"silver": 0,
	"copper": 0
}
